{
  "pages": [
    {
      "id": "Db5dIGu",
      "grid": {
        "tiles": [
          {
            "tileType": "INSIGHT",
            "box": {
              "top": 0,
              "left": 1,
              "width": 5,
              "height": 3
            },
            "clickAction": "OPEN_INSIGHT",
            "tileParams": {
              "showXAxis": true,
              "showYAxis": true,
              "showLegend": false,
              "showTooltips": true,
              "autoPlayAnimation": true
            },
            "autoLoad": true,
            "showTitle": "YES",
            "insightId": "f1GGYWP",
            "insightType": "chart",
            "displayMode": "INSIGHT",
            "resizeImageMode": "FIT_SIZE"
          },
          {
            "tileType": "INSIGHT",
            "box": {
              "top": 3,
              "left": 1,
              "width": 6,
              "height": 3
            },
            "clickAction": "OPEN_INSIGHT",
            "tileParams": {
              "showName": true,
              "showDescription": true,
              "showCustomFields": true,
              "showStorageType": false,
              "showMeaning": false,
              "showProgressBar": false
            },
            "autoLoad": true,
            "showTitle": "YES",
            "insightId": "ItMpziT",
            "insightType": "dataset_table",
            "displayMode": "INSIGHT",
            "resizeImageMode": "FIT_SIZE"
          },
          {
            "tileType": "INSIGHT",
            "box": {
              "top": 6,
              "left": 2,
              "width": 4,
              "height": 3
            },
            "clickAction": "DO_NOTHING",
            "tileParams": {},
            "autoLoad": true,
            "showTitle": "YES",
            "insightId": "Drift-of-sample-values-due-to-the-loss-of-variance-after-PCA",
            "insightType": "static_file",
            "displayMode": "INSIGHT",
            "resizeImageMode": "FIT_SIZE"
          },
          {
            "tileType": "INSIGHT",
            "box": {
              "top": 3,
              "left": 8,
              "width": 3,
              "height": 3
            },
            "clickAction": "DO_NOTHING",
            "tileParams": {},
            "autoLoad": true,
            "showTitle": "YES",
            "insightId": "Principal-componenets-explained-variance-ratio",
            "insightType": "static_file",
            "displayMode": "INSIGHT",
            "resizeImageMode": "FIT_SIZE"
          },
          {
            "tileType": "INSIGHT",
            "box": {
              "top": 0,
              "left": 7,
              "width": 4,
              "height": 3
            },
            "clickAction": "DO_NOTHING",
            "tileParams": {},
            "autoLoad": true,
            "showTitle": "YES",
            "insightId": "Projection-of-the-first-two-eigenvectors-of-the-PCA-on-the-rescaled-space",
            "insightType": "static_file",
            "displayMode": "INSIGHT",
            "resizeImageMode": "FIT_SIZE"
          }
        ]
      },
      "title": "Traitement de données simples (Iris)",
      "showTitle": false
    },
    {
      "id": "vinFOPf",
      "grid": {
        "tiles": [
          {
            "tileType": "INSIGHT",
            "box": {
              "top": 0,
              "left": 0,
              "width": 6,
              "height": 3
            },
            "clickAction": "OPEN_INSIGHT",
            "tileParams": {
              "showName": true,
              "showDescription": true,
              "showCustomFields": true,
              "showStorageType": false,
              "showMeaning": false,
              "showProgressBar": false
            },
            "autoLoad": true,
            "showTitle": "YES",
            "insightId": "N2QbgrL",
            "insightType": "dataset_table",
            "displayMode": "INSIGHT",
            "resizeImageMode": "FIT_SIZE"
          },
          {
            "tileType": "INSIGHT",
            "box": {
              "top": 3,
              "left": 5,
              "width": 3,
              "height": 3
            },
            "clickAction": "DO_NOTHING",
            "tileParams": {},
            "autoLoad": true,
            "showTitle": "YES",
            "insightId": "Decomposition-heatmap",
            "insightType": "static_file",
            "displayMode": "INSIGHT",
            "resizeImageMode": "FIT_SIZE"
          },
          {
            "tileType": "INSIGHT",
            "box": {
              "top": 3,
              "left": 0,
              "width": 5,
              "height": 3
            },
            "clickAction": "DO_NOTHING",
            "tileParams": {},
            "autoLoad": true,
            "showTitle": "YES",
            "insightId": "Drift-of-sample-values-due-to-the-loss-of-variance-after-PCA",
            "insightType": "static_file",
            "displayMode": "INSIGHT",
            "resizeImageMode": "FIT_SIZE"
          },
          {
            "tileType": "INSIGHT",
            "box": {
              "top": 0,
              "left": 6,
              "width": 5,
              "height": 3
            },
            "clickAction": "DO_NOTHING",
            "tileParams": {},
            "autoLoad": true,
            "showTitle": "YES",
            "insightId": "Principal-Components-Explained-Variance-Ratio",
            "insightType": "static_file",
            "displayMode": "INSIGHT",
            "resizeImageMode": "FIT_SIZE"
          },
          {
            "tileType": "INSIGHT",
            "box": {
              "top": 3,
              "left": 8,
              "width": 4,
              "height": 5
            },
            "clickAction": "DO_NOTHING",
            "tileParams": {
              "showCode": false
            },
            "autoLoad": true,
            "showTitle": "YES",
            "insightId": "cDJIenb",
            "insightType": "jupyter",
            "displayMode": "INSIGHT",
            "resizeImageMode": "FIT_SIZE"
          }
        ]
      },
      "title": "Iris :PCA",
      "showTitle": false
    },
    {
      "id": "SkmzJdq",
      "grid": {
        "tiles": [
          {
            "tileType": "INSIGHT",
            "box": {
              "top": 3,
              "left": 4,
              "width": 4,
              "height": 4
            },
            "clickAction": "DO_NOTHING",
            "tileParams": {},
            "autoLoad": true,
            "showTitle": "YES",
            "insightId": "Advanced-t-SNE-usage",
            "insightType": "static_file",
            "displayMode": "INSIGHT",
            "resizeImageMode": "FIT_SIZE"
          },
          {
            "tileType": "INSIGHT",
            "box": {
              "top": 0,
              "left": 4,
              "width": 4,
              "height": 3
            },
            "clickAction": "DO_NOTHING",
            "tileParams": {},
            "autoLoad": true,
            "showTitle": "YES",
            "insightId": "the-t-SNE-projection-of-the-raw-data",
            "insightType": "static_file",
            "displayMode": "INSIGHT",
            "resizeImageMode": "FIT_SIZE"
          },
          {
            "tileType": "INSIGHT",
            "box": {
              "top": 0,
              "left": 0,
              "width": 4,
              "height": 6
            },
            "clickAction": "DO_NOTHING",
            "tileParams": {
              "showCode": false
            },
            "autoLoad": true,
            "showTitle": "YES",
            "insightId": "RMPHsqz",
            "insightType": "jupyter",
            "displayMode": "INSIGHT",
            "resizeImageMode": "FIT_SIZE"
          },
          {
            "tileType": "INSIGHT",
            "box": {
              "top": 0,
              "left": 8,
              "width": 4,
              "height": 3
            },
            "clickAction": "DO_NOTHING",
            "tileParams": {},
            "autoLoad": true,
            "showTitle": "YES",
            "insightId": "the-t-SNE-projection-of-the-PCA-projected-data",
            "insightType": "static_file",
            "displayMode": "INSIGHT",
            "resizeImageMode": "FIT_SIZE"
          }
        ]
      },
      "title": "Iris : T-SNE",
      "showTitle": false
    },
    {
      "id": "LzaJL6D",
      "grid": {
        "tiles": [
          {
            "tileType": "INSIGHT",
            "box": {
              "top": 64,
              "left": 0,
              "width": 5,
              "height": 3
            },
            "clickAction": "OPEN_INSIGHT",
            "tileParams": {
              "showName": true,
              "showDescription": true,
              "showCustomFields": true,
              "showStorageType": false,
              "showMeaning": false,
              "showProgressBar": false
            },
            "autoLoad": true,
            "showTitle": "YES",
            "insightId": "6VpRg7F",
            "insightType": "dataset_table",
            "displayMode": "INSIGHT",
            "resizeImageMode": "FIT_SIZE"
          },
          {
            "tileType": "INSIGHT",
            "box": {
              "top": 0,
              "left": 1,
              "width": 4,
              "height": 4
            },
            "clickAction": "DO_NOTHING",
            "tileParams": {
              "showCode": true
            },
            "autoLoad": true,
            "showTitle": "YES",
            "insightId": "OTYSQxI",
            "insightType": "jupyter",
            "displayMode": "INSIGHT",
            "resizeImageMode": "FIT_SIZE"
          },
          {
            "tileType": "INSIGHT",
            "box": {
              "top": 64,
              "left": 9,
              "width": 3,
              "height": 3
            },
            "clickAction": "OPEN_INSIGHT",
            "tileParams": {
              "showName": true,
              "showDescription": true,
              "showCustomFields": true,
              "showStorageType": false,
              "showMeaning": false,
              "showProgressBar": false
            },
            "autoLoad": true,
            "showTitle": "YES",
            "insightId": "Mq3IRWh",
            "insightType": "dataset_table",
            "displayMode": "INSIGHT",
            "resizeImageMode": "FIT_SIZE"
          },
          {
            "tileType": "INSIGHT",
            "box": {
              "top": 64,
              "left": 5,
              "width": 4,
              "height": 3
            },
            "clickAction": "DO_NOTHING",
            "tileParams": {
              "showCode": false
            },
            "autoLoad": true,
            "showTitle": "YES",
            "insightId": "GhwqZ7K",
            "insightType": "jupyter",
            "displayMode": "INSIGHT",
            "resizeImageMode": "FIT_SIZE"
          },
          {
            "tileType": "INSIGHT",
            "box": {
              "top": 67,
              "left": 3,
              "width": 3,
              "height": 3
            },
            "clickAction": "DO_NOTHING",
            "tileParams": {},
            "autoLoad": true,
            "showTitle": "YES",
            "insightId": "the-t-SNE-projection-of-the-rescaled-data",
            "insightType": "static_file",
            "displayMode": "INSIGHT",
            "resizeImageMode": "FIT_SIZE"
          },
          {
            "tileType": "INSIGHT",
            "box": {
              "top": 67,
              "left": 6,
              "width": 3,
              "height": 3
            },
            "clickAction": "DO_NOTHING",
            "tileParams": {},
            "autoLoad": true,
            "showTitle": "YES",
            "insightId": "the-t-SNE-projection-of-the-raw-data",
            "insightType": "static_file",
            "displayMode": "INSIGHT",
            "resizeImageMode": "FIT_SIZE"
          },
          {
            "tileType": "INSIGHT",
            "box": {
              "top": 67,
              "left": 0,
              "width": 3,
              "height": 3
            },
            "clickAction": "DO_NOTHING",
            "tileParams": {},
            "autoLoad": true,
            "showTitle": "YES",
            "insightId": "the-t-SNE-projection-of-the-PCA-projected-data",
            "insightType": "static_file",
            "displayMode": "INSIGHT",
            "resizeImageMode": "FIT_SIZE"
          },
          {
            "tileType": "INSIGHT",
            "box": {
              "top": 67,
              "left": 9,
              "width": 3,
              "height": 4
            },
            "clickAction": "DO_NOTHING",
            "tileParams": {},
            "autoLoad": true,
            "showTitle": "YES",
            "insightId": "Advanced-t-SNE-usage",
            "insightType": "static_file",
            "displayMode": "INSIGHT",
            "resizeImageMode": "FIT_SIZE"
          }
        ]
      },
      "title": "Traitemement des données et AFCM",
      "showTitle": false
    },
    {
      "id": "j7I5nIm",
      "grid": {
        "tiles": [
          {
            "tileType": "INSIGHT",
            "box": {
              "top": 0,
              "left": 0,
              "width": 4,
              "height": 4
            },
            "clickAction": "DO_NOTHING",
            "tileParams": {
              "showCode": false
            },
            "autoLoad": true,
            "showTitle": "YES",
            "insightId": "VrX4rFg",
            "insightType": "jupyter",
            "displayMode": "INSIGHT",
            "resizeImageMode": "FIT_SIZE"
          },
          {
            "tileType": "INSIGHT",
            "box": {
              "top": 0,
              "left": 8,
              "width": 3,
              "height": 2
            },
            "clickAction": "DO_NOTHING",
            "tileParams": {},
            "autoLoad": true,
            "showTitle": "YES",
            "insightId": "Projection-of-the-first-two-eigenvectors-of-the-PCA-on-the-rescaled-space",
            "insightType": "static_file",
            "displayMode": "INSIGHT",
            "resizeImageMode": "FIT_SIZE"
          },
          {
            "tileType": "INSIGHT",
            "box": {
              "top": 2,
              "left": 4,
              "width": 4,
              "height": 2
            },
            "clickAction": "DO_NOTHING",
            "tileParams": {},
            "autoLoad": true,
            "showTitle": "YES",
            "insightId": "Decomposition-heatmap1",
            "insightType": "static_file",
            "displayMode": "INSIGHT",
            "resizeImageMode": "FIT_SIZE"
          },
          {
            "tileType": "INSIGHT",
            "box": {
              "top": 0,
              "left": 4,
              "width": 4,
              "height": 2
            },
            "clickAction": "DO_NOTHING",
            "tileParams": {},
            "autoLoad": true,
            "showTitle": "YES",
            "insightId": "Principal-components-explained-variance1",
            "insightType": "static_file",
            "displayMode": "INSIGHT",
            "resizeImageMode": "FIT_SIZE"
          },
          {
            "tileType": "INSIGHT",
            "box": {
              "top": 2,
              "left": 8,
              "width": 3,
              "height": 2
            },
            "clickAction": "DO_NOTHING",
            "tileParams": {},
            "autoLoad": true,
            "showTitle": "YES",
            "insightId": "Drift-of-sample-values-due-to-the-loss-of-variance-after-PCA1",
            "insightType": "static_file",
            "displayMode": "INSIGHT",
            "resizeImageMode": "FIT_SIZE"
          },
          {
            "tileType": "INSIGHT",
            "box": {
              "top": 4,
              "left": 0,
              "width": 4,
              "height": 7
            },
            "clickAction": "DO_NOTHING",
            "tileParams": {
              "showCode": false
            },
            "autoLoad": true,
            "showTitle": "YES",
            "insightId": "WgPELdo",
            "insightType": "jupyter",
            "displayMode": "INSIGHT",
            "resizeImageMode": "FIT_SIZE"
          },
          {
            "tileType": "INSIGHT",
            "box": {
              "top": 4,
              "left": 4,
              "width": 3,
              "height": 3
            },
            "clickAction": "DO_NOTHING",
            "tileParams": {},
            "autoLoad": true,
            "showTitle": "YES",
            "insightId": "the-t-SNE-projection-of-the-rescaled-data1",
            "insightType": "static_file",
            "displayMode": "INSIGHT",
            "resizeImageMode": "FIT_SIZE"
          },
          {
            "tileType": "INSIGHT",
            "box": {
              "top": 4,
              "left": 7,
              "width": 3,
              "height": 3
            },
            "clickAction": "DO_NOTHING",
            "tileParams": {},
            "autoLoad": true,
            "showTitle": "YES",
            "insightId": "the-t-SNE-projection-of-the-raw-data1",
            "insightType": "static_file",
            "displayMode": "INSIGHT",
            "resizeImageMode": "FIT_SIZE"
          },
          {
            "tileType": "INSIGHT",
            "box": {
              "top": 7,
              "left": 4,
              "width": 3,
              "height": 3
            },
            "clickAction": "DO_NOTHING",
            "tileParams": {},
            "autoLoad": true,
            "showTitle": "YES",
            "insightId": "the-t-SNE-projection-of-the-PCA-projected-data1",
            "insightType": "static_file",
            "displayMode": "INSIGHT",
            "resizeImageMode": "FIT_SIZE"
          },
          {
            "tileType": "INSIGHT",
            "box": {
              "top": 7,
              "left": 7,
              "width": 3,
              "height": 3
            },
            "clickAction": "DO_NOTHING",
            "tileParams": {},
            "autoLoad": true,
            "showTitle": "YES",
            "insightId": "Advanced-t-SNE-usage1",
            "insightType": "static_file",
            "displayMode": "INSIGHT",
            "resizeImageMode": "FIT_SIZE"
          }
        ]
      },
      "title": "Données Google Trends",
      "showTitle": false
    }
  ],
  "owner": "admin",
  "listed": true,
  "name": "TME-VIZUALISATION",
  "showGrid": false,
  "versionTag": {
    "versionNumber": 35,
    "lastModifiedBy": {
      "login": "admin"
    },
    "lastModifiedOn": 1653420222321
  },
  "creationTag": {
    "versionNumber": 0,
    "lastModifiedBy": {
      "login": "admin"
    },
    "lastModifiedOn": 1651060853735
  },
  "tags": [],
  "customFields": {},
  "checklists": {
    "checklists": []
  }
}