{
  "type": "static_file",
  "params": {
    "contentType": "image/png",
    "filetype": "image"
  },
  "owner": "admin",
  "listed": false,
  "name": "Decomposition-heatmap1",
  "versionTag": {
    "versionNumber": 2,
    "lastModifiedBy": {
      "login": "admin"
    },
    "lastModifiedOn": 1651932370374
  },
  "creationTag": {
    "versionNumber": 0,
    "lastModifiedBy": {
      "login": "admin"
    },
    "lastModifiedOn": 1651922544172
  },
  "tags": [],
  "customFields": {},
  "checklists": {
    "checklists": []
  }
}