{
  "type": "static_file",
  "params": {
    "contentType": "image/png",
    "filetype": "image"
  },
  "owner": "admin",
  "listed": false,
  "name": "Drift-of-sample-values-due-to-the-loss-of-variance-after-PCA",
  "versionTag": {
    "versionNumber": 11,
    "lastModifiedBy": {
      "login": "admin"
    },
    "lastModifiedOn": 1651932045075
  },
  "creationTag": {
    "versionNumber": 0,
    "lastModifiedBy": {
      "login": "admin"
    },
    "lastModifiedOn": 1651916043210
  },
  "tags": [],
  "customFields": {},
  "checklists": {
    "checklists": []
  }
}