{
  "type": "chart",
  "params": {
    "datasetSmartName": "iris",
    "engineType": "LINO",
    "refreshableSelection": {
      "selection": {
        "useMemTable": false,
        "filter": {
          "distinct": false,
          "enabled": false
        },
        "partitionSelectionMethod": "ALL",
        "latestPartitionsN": 1,
        "ordering": {
          "enabled": false,
          "rules": []
        },
        "samplingMethod": "HEAD_SEQUENTIAL",
        "maxRecords": 10000,
        "targetRatio": 0.02,
        "withinFirstN": -1,
        "maxReadUncompressedBytes": -1
      },
      "autoRefreshSample": false,
      "_refreshTrigger": 0
    },
    "def": {
      "type": "grouped_columns",
      "variant": "normal",
      "name": "Count by sepal-length",
      "userEditedName": false,
      "genericDimension0": [
        {
          "column": "sepal-length",
          "type": "NUMERICAL",
          "numParams": {
            "mode": "FIXED_NB",
            "nbBins": 10,
            "binSize": 100,
            "emptyBinsMode": "ZEROS"
          },
          "maxValues": 100,
          "generateOthersCategory": true,
          "oneTickPerBin": false,
          "filters": [],
          "isA": "dimension",
          "possibleSorts": [
            {
              "type": "NATURAL",
              "label": "Natural ordering",
              "sortAscending": true
            },
            {
              "type": "AGGREGATION",
              "measureIdx": 0,
              "label": "Count of records, descending"
            },
            {
              "type": "AGGREGATION",
              "measureIdx": 0,
              "label": "Count of records, ascending",
              "sortAscending": true
            }
          ],
          "sort": {
            "type": "NATURAL",
            "label": "Natural ordering",
            "sortAscending": true
          }
        }
      ],
      "genericDimension1": [],
      "facetDimension": [],
      "animationDimension": [],
      "genericMeasures": [
        {
          "function": "COUNT",
          "type": "NUMERICAL",
          "displayed": true,
          "isA": "measure",
          "displayAxis": "axis1",
          "displayType": "column",
          "computeMode": "NORMAL",
          "computeModeDim": 0
        }
      ],
      "xDimension": [],
      "yDimension": [],
      "uaXDimension": [],
      "uaYDimension": [],
      "uaSize": [],
      "uaShape": [],
      "uaColor": [],
      "uaTooltip": [],
      "groupDimension": [],
      "xMeasure": [],
      "yMeasure": [],
      "colorMeasure": [],
      "sizeMeasure": [],
      "geometry": [],
      "tooltipMeasures": [],
      "boxplotBreakdownDim": [],
      "boxplotValue": [],
      "filters": [],
      "axis1LogScale": false,
      "axis2LogScale": false,
      "includeZero": true,
      "smoothing": true,
      "showLegend": true,
      "showXAxis": false,
      "showInChartValues": false,
      "showInChartLabels": true,
      "strokeWidth": 1,
      "fillOpacity": 0.6,
      "showXAxisLabel": true,
      "showYAxisLabel": true,
      "displayXAxis": true,
      "displayYAxis": true,
      "hexbinRadius": 20,
      "hexbinNumber": 20,
      "hexbinRadiusMode": "NUM_HEXAGONS",
      "yCustomExtent": {
        "editMode": "AUTO",
        "manualExtent": [
          null,
          null
        ]
      },
      "xCustomExtent": {
        "editMode": "AUTO",
        "manualExtent": [
          null,
          null
        ]
      },
      "chartHeight": 200,
      "singleXAxis": true,
      "multiTooltips": false,
      "animationFrameDuration": 3000,
      "animationRepeat": true,
      "colorOptions": {
        "singleColor": "#2678B1",
        "transparency": 0.75,
        "colorPalette": "dku_tritanopia1",
        "ccScaleMode": "NORMAL",
        "customPalette": {
          "id": "__dku_custom__",
          "name": "Custom Palette",
          "colors": [],
          "values": [],
          "fixedValues": false
        },
        "paletteType": "CONTINUOUS",
        "quantizationMode": "NONE",
        "numQuantizeSteps": 5,
        "paletteMiddleValue": 0.0,
        "customColors": {},
        "heatDensityMapIntensity": 0.5,
        "heatDensityMapRadius": 0.5
      },
      "bubblesOptions": {
        "defaultRadius": 5.0,
        "singleShape": "FILLED_CIRCLE"
      },
      "computeMode": "NORMAL",
      "xAxisMode": "NORMAL",
      "yAxisMode": "NORMAL",
      "pieOptions": {
        "donutHoleSize": 54.0
      },
      "scatterOptions": {
        "equalScales": false,
        "identityLine": false
      },
      "mapOptions": {
        "tilesLayer": "cartodb-positron",
        "lockSquareGrid": false
      },
      "mapGridOptions": {
        "gridLonDeg": 0.6,
        "gridLatDeg": 0.6
      },
      "disableSafetyLimits": false,
      "useLiveProcessingIfAvailable": true,
      "legendPlacement": "OUTER_RIGHT"
    },
    "maxDataBytes": 0
  },
  "owner": "admin",
  "listed": false,
  "name": "Count by sepal-length on iris",
  "dashboardCreationId": "AFBdfDb",
  "versionTag": {
    "versionNumber": 2,
    "lastModifiedBy": {
      "login": "admin"
    },
    "lastModifiedOn": 1653419914386
  },
  "creationTag": {
    "versionNumber": 0,
    "lastModifiedBy": {
      "login": "admin"
    },
    "lastModifiedOn": 1651060891797
  },
  "tags": [],
  "customFields": {},
  "checklists": {
    "checklists": []
  }
}