{
  "type": "jupyter",
  "params": {
    "notebookSmartName": "notebook editor for recipe_from_notebook_PCA_on_iris_area_admin",
    "exportTimestamp": 0,
    "loadLast": true
  },
  "owner": "admin",
  "listed": false,
  "name": "notebook editor for recipe_from_notebook_PCA_on_iris_area_admin",
  "dashboardCreationId": "AFBdfDb",
  "versionTag": {
    "versionNumber": 0,
    "lastModifiedBy": {
      "login": "admin"
    },
    "lastModifiedOn": 1651917864599
  },
  "creationTag": {
    "versionNumber": 0,
    "lastModifiedBy": {
      "login": "admin"
    },
    "lastModifiedOn": 1651917864599
  },
  "tags": [],
  "customFields": {},
  "checklists": {
    "checklists": []
  }
}