{
  "type": "static_file",
  "params": {
    "contentType": "image/png",
    "filetype": "image"
  },
  "owner": "admin",
  "listed": true,
  "name": "my-matplotlib-plot",
  "versionTag": {
    "versionNumber": 4,
    "lastModifiedBy": {
      "login": "admin"
    },
    "lastModifiedOn": 1651923042351
  },
  "creationTag": {
    "versionNumber": 0,
    "lastModifiedBy": {
      "login": "admin"
    },
    "lastModifiedOn": 1651005181564
  },
  "tags": [],
  "customFields": {},
  "checklists": {
    "checklists": []
  }
}