{
  "type": "jupyter",
  "params": {
    "notebookSmartName": "High dimensional data visualization (t-SNE) on iris_area_prepared (admin)",
    "exportTimestamp": 0,
    "loadLast": true
  },
  "owner": "admin",
  "listed": false,
  "name": "High dimensional data visualization (t-SNE) on iris_area_prepared (admin)",
  "dashboardCreationId": "AFBdfDb",
  "versionTag": {
    "versionNumber": 0,
    "lastModifiedBy": {
      "login": "admin"
    },
    "lastModifiedOn": 1651919461176
  },
  "creationTag": {
    "versionNumber": 0,
    "lastModifiedBy": {
      "login": "admin"
    },
    "lastModifiedOn": 1651919461176
  },
  "tags": [],
  "customFields": {},
  "checklists": {
    "checklists": []
  }
}