{
  "type": "static_file",
  "params": {
    "contentType": "image/png",
    "filetype": "image"
  },
  "owner": "admin",
  "listed": false,
  "name": "Principal-components-explained-variance1",
  "versionTag": {
    "versionNumber": 1,
    "lastModifiedBy": {
      "login": "admin"
    },
    "lastModifiedOn": 1651932365264
  },
  "creationTag": {
    "versionNumber": 0,
    "lastModifiedBy": {
      "login": "admin"
    },
    "lastModifiedOn": 1651922533304
  },
  "tags": [],
  "customFields": {},
  "checklists": {
    "checklists": []
  }
}