{
  "type": "static_file",
  "params": {
    "contentType": "image/png",
    "filetype": "image"
  },
  "owner": "admin",
  "listed": false,
  "name": "Projection-of-the-first-two-eigenvectors-of-the-PCA",
  "versionTag": {
    "versionNumber": 1,
    "lastModifiedBy": {
      "login": "admin"
    },
    "lastModifiedOn": 1651922235599
  },
  "creationTag": {
    "versionNumber": 0,
    "lastModifiedBy": {
      "login": "admin"
    },
    "lastModifiedOn": 1651921813588
  },
  "tags": [],
  "customFields": {},
  "checklists": {
    "checklists": []
  }
}