{
  "type": "static_file",
  "params": {
    "contentType": "image/png",
    "filetype": "image"
  },
  "owner": "admin",
  "listed": false,
  "name": "Projection-of-the-two-first-eigenvectors-of-The-PCA",
  "versionTag": {
    "versionNumber": 5,
    "lastModifiedBy": {
      "login": "admin"
    },
    "lastModifiedOn": 1651917796862
  },
  "creationTag": {
    "versionNumber": 0,
    "lastModifiedBy": {
      "login": "admin"
    },
    "lastModifiedOn": 1651917229240
  },
  "tags": [],
  "customFields": {},
  "checklists": {
    "checklists": []
  }
}