{
  "type": "static_file",
  "params": {
    "contentType": "image/png",
    "filetype": "image"
  },
  "owner": "admin",
  "listed": false,
  "name": "Projection-of-the-first-two-eigenvectors-of-the-PCA-on-the-rescaled-space",
  "versionTag": {
    "versionNumber": 3,
    "lastModifiedBy": {
      "login": "admin"
    },
    "lastModifiedOn": 1651932038188
  },
  "creationTag": {
    "versionNumber": 0,
    "lastModifiedBy": {
      "login": "admin"
    },
    "lastModifiedOn": 1651915967474
  },
  "tags": [],
  "customFields": {},
  "checklists": {
    "checklists": []
  }
}