{
  "type": "jupyter",
  "params": {
    "notebookSmartName": "Statistics and tests on a single population on cylinder_bands (admin)a",
    "exportTimestamp": 0,
    "loadLast": true
  },
  "owner": "admin",
  "listed": false,
  "name": "Statistics and tests on a single population on cylinder_bands (admin)a",
  "dashboardCreationId": "AFBdfDb",
  "versionTag": {
    "versionNumber": 0,
    "lastModifiedBy": {
      "login": "admin"
    },
    "lastModifiedOn": 1651920127826
  },
  "creationTag": {
    "versionNumber": 0,
    "lastModifiedBy": {
      "login": "admin"
    },
    "lastModifiedOn": 1651920127826
  },
  "tags": [],
  "customFields": {},
  "checklists": {
    "checklists": []
  }
}