{
  "type": "UploadedFiles",
  "managed": false,
  "formatType": "csv",
  "checklists": {
    "checklists": []
  },
  "customMeta": {
    "kv": {}
  },
  "flowOptions": {
    "virtualizable": false,
    "rebuildBehavior": "NORMAL",
    "crossProjectBuildBehavior": "DEFAULT"
  },
  "readWriteOptions": {
    "preserveOrder": false,
    "writeBuckets": 1,
    "forceSingleOutputFile": false,
    "defaultReadOrdering": {
      "enabled": false,
      "rules": []
    }
  },
  "formatParams": {
    "style": "excel",
    "charset": "utf-8",
    "separator": ";",
    "quoteChar": "\"",
    "escapeChar": "\\",
    "dateSerializationFormat": "ISO",
    "arrayMapFormat": "json",
    "hiveSeparators": [
      "\u0002",
      "\u0003",
      "\u0004",
      "\u0005",
      "\u0006",
      "\u0007",
      "\b"
    ],
    "skipRowsBeforeHeader": 0,
    "parseHeaderRow": true,
    "skipRowsAfterHeader": 0,
    "probableNumberOfRecords": 45,
    "normalizeBooleans": false,
    "normalizeDoubles": true,
    "readAdditionalColumnsBehavior": "INSERT_IN_DATA_WARNING",
    "readMissingColumnsBehavior": "DISCARD_SILENT",
    "readDataTypeMismatchBehavior": "DISCARD_WARNING",
    "writeDataTypeMismatchBehavior": "DISCARD_WARNING",
    "fileReadFailureBehavior": "FAIL",
    "compress": ""
  },
  "partitioning": {
    "ignoreNonMatchingFile": false,
    "considerMissingRequestedPartitionsAsEmpty": false,
    "dimensions": []
  },
  "versionTag": {
    "versionNumber": 1,
    "lastModifiedBy": {
      "login": "admin"
    },
    "lastModifiedOn": 1650996119159
  },
  "creationTag": {
    "versionNumber": 0,
    "lastModifiedBy": {
      "login": "admin"
    },
    "lastModifiedOn": 1650996118595
  },
  "tags": [],
  "params": {
    "uploadConnection": "Default (in DSS data dir.)",
    "notReadyIfEmpty": false,
    "filesSelectionRules": {
      "mode": "ALL",
      "excludeRules": [],
      "includeRules": [],
      "explicitFiles": []
    }
  },
  "schema": {
    "columns": [
      {
        "name": "Country",
        "type": "string"
      },
      {
        "name": "Area(sq km)",
        "type": "string"
      },
      {
        "name": "Birth rate(births/1000 population)",
        "type": "string"
      },
      {
        "name": "Current account balance",
        "type": "string"
      },
      {
        "name": "Death rate(deaths/1000 population)",
        "type": "string"
      },
      {
        "name": "Debt - external",
        "type": "string"
      },
      {
        "name": "Electricity - consumption(kWh)",
        "type": "string"
      },
      {
        "name": "Electricity - production(kWh)",
        "type": "string"
      },
      {
        "name": "Exports",
        "type": "string"
      },
      {
        "name": "GDP",
        "type": "string"
      },
      {
        "name": "GDP - per capita",
        "type": "string"
      },
      {
        "name": "GDP - real growth rate(%)",
        "type": "string"
      },
      {
        "name": "HIV/AIDS - adult prevalence rate(%)",
        "type": "string"
      },
      {
        "name": "HIV/AIDS - deaths",
        "type": "string"
      },
      {
        "name": "HIV/AIDS - people living with HIV/AIDS",
        "type": "string"
      },
      {
        "name": "Highways(km)",
        "type": "string"
      },
      {
        "name": "Imports",
        "type": "string"
      },
      {
        "name": "Industrial production growth rate(%)",
        "type": "string"
      },
      {
        "name": "Infant mortality rate(deaths/1000 live births)",
        "type": "string"
      },
      {
        "name": "Inflation rate (consumer prices)(%)",
        "type": "string"
      },
      {
        "name": "Internet hosts",
        "type": "string"
      },
      {
        "name": "Internet users",
        "type": "string"
      },
      {
        "name": "Investment (gross fixed)(% of GDP)",
        "type": "string"
      },
      {
        "name": "Labor force",
        "type": "string"
      },
      {
        "name": "Life expectancy at birth(years)",
        "type": "string"
      },
      {
        "name": "Military expenditures - dollar figure",
        "type": "string"
      },
      {
        "name": "Military expenditures - percent of GDP(%)",
        "type": "string"
      },
      {
        "name": "Natural gas - consumption(cu m)",
        "type": "string"
      },
      {
        "name": "Natural gas - exports(cu m)",
        "type": "string"
      },
      {
        "name": "Natural gas - imports(cu m)",
        "type": "string"
      },
      {
        "name": "Natural gas - production(cu m)",
        "type": "string"
      },
      {
        "name": "Natural gas - proved reserves(cu m)",
        "type": "string"
      },
      {
        "name": "Oil - consumption(bbl/day)",
        "type": "string"
      },
      {
        "name": "Oil - exports(bbl/day)",
        "type": "string"
      },
      {
        "name": "Oil - imports(bbl/day)",
        "type": "string"
      },
      {
        "name": "Oil - production(bbl/day)",
        "type": "string"
      },
      {
        "name": "Oil - proved reserves(bbl)",
        "type": "string"
      },
      {
        "name": "Population",
        "type": "string"
      },
      {
        "name": "Public debt(% of GDP)",
        "type": "string"
      },
      {
        "name": "Railways(km)",
        "type": "string"
      },
      {
        "name": "Reserves of foreign exchange \u0026 gold",
        "type": "string"
      },
      {
        "name": "Telephones - main lines in use",
        "type": "string"
      },
      {
        "name": "Telephones - mobile cellular",
        "type": "string"
      },
      {
        "name": "Total fertility rate(children born/woman)",
        "type": "string"
      },
      {
        "name": "Unemployment rate(%)",
        "type": "string"
      }
    ],
    "userModified": true
  },
  "dkuProperties": [],
  "metrics": {
    "probes": [
      {
        "type": "basic",
        "enabled": true,
        "computeOnBuildMode": "PARTITION",
        "meta": {
          "name": "Basic data",
          "level": 0
        },
        "configuration": {}
      },
      {
        "type": "records",
        "enabled": true,
        "computeOnBuildMode": "NO",
        "meta": {
          "name": "Record count",
          "level": 0
        },
        "configuration": {}
      }
    ],
    "engineConfig": {
      "padRunsWithMetrics": false,
      "hive": {
        "active": true,
        "extraConf": []
      },
      "basic": {},
      "dss": {
        "active": true,
        "selection": {
          "useMemTable": false,
          "filter": {
            "distinct": false,
            "enabled": false
          },
          "partitionSelectionMethod": "ALL",
          "latestPartitionsN": 1,
          "ordering": {
            "enabled": false,
            "rules": []
          },
          "samplingMethod": "FULL",
          "maxRecords": -1,
          "targetRatio": 0.02,
          "withinFirstN": -1,
          "maxReadUncompressedBytes": -1
        }
      },
      "sql": {
        "active": true
      },
      "impala": {
        "active": true
      },
      "spark": {
        "active": true,
        "extraConf": []
      },
      "python": {}
    },
    "displayedState": {
      "columns": [],
      "metrics": [
        "basic:COUNT_COLUMNS",
        "basic:COUNT_FILES",
        "basic:SIZE",
        "records:COUNT_RECORDS"
      ]
    }
  },
  "metricsChecks": {
    "runOnBuild": false,
    "checks": [],
    "displayedState": {
      "checks": []
    }
  },
  "customFields": {}
}